-- -----------------------------------------------------
-- Schema full-stack-ecommerce
-- -----------------------------------------------------
-- -----------------------------------------------------
-- Table `full-stack-ecommerce`.`product_category`
-- -----------------------------------------------------
SET foreign_key_checks = 0;

DROP TABLE IF EXISTS `product_category`;

CREATE TABLE IF NOT EXISTS `product_category` (
  `id` BIGINT(20) NOT NULL AUTO_INCREMENT,
  `category_name` VARCHAR(255) NULL DEFAULT NULL,
  PRIMARY KEY (`id`))
ENGINE=InnoDB
AUTO_INCREMENT = 1;

-- -----------------------------------------------------
-- Table `full-stack-ecommerce`.`product`
-- -----------------------------------------------------
DROP TABLE IF EXISTS `product`;

CREATE TABLE IF NOT EXISTS `product` (
  `id` BIGINT(20) NOT NULL AUTO_INCREMENT,
  `sku` VARCHAR(255) DEFAULT NULL,
  `name` VARCHAR(255) DEFAULT NULL,
  `description` VARCHAR(255) DEFAULT NULL,
  `unit_price` DECIMAL(13,2) DEFAULT NULL,
  `image_url` VARCHAR(255) DEFAULT NULL,
  `active` BIT DEFAULT 1,
  `units_in_stock` INT(11) DEFAULT NULL,
  `date_created` DATETIME(6) DEFAULT NULL,
  `last_updated` DATETIME(6) DEFAULT NULL,
  `category_id` BIGINT(20) NOT NULL,
  PRIMARY KEY (`id`),
  KEY `fk_category` (`category_id`),
  CONSTRAINT `fk_category` FOREIGN KEY (`category_id`) REFERENCES `product_category` (`id`)
) 
ENGINE=InnoDB
AUTO_INCREMENT = 1;

-- -----------------------------------------------------
-- Categories
-- -----------------------------------------------------
INSERT INTO product_category(category_name) VALUES ('Books');
INSERT INTO product_category(category_name) VALUES ('Coffee Mugs');
INSERT INTO product_category(category_name) VALUES ('Mouse Pads');
INSERT INTO product_category(category_name) VALUES ('Luggage Tags');

-- -----------------------------------------------------
-- Books
-- -----------------------------------------------------
INSERT INTO product (sku, name, description, image_url, active, units_in_stock, unit_price, category_id,date_created) VALUES ('BOOK-TECH-1000', 'Crash Course in Python', 'Learn Python at your own pace. The author explains how the technology works in easy-to-understand language. This book includes working examples that you can apply to your own projects. Purchase the book and get started today!', 'assets/images/products/books/book-luv2code-1000.png', 1, 100, 14.99, 1, NOW());
INSERT INTO product (sku, name, description, image_url, active, units_in_stock, unit_price, category_id,date_created) VALUES ('BOOK-TECH-1001', 'Become a Guru in JavaScript', 'Learn JavaScript at your own pace. The author explains how the technology works in easy-to-understand language. This book includes working examples that you can apply to your own projects. Purchase the book and get started today!', 'assets/images/products/books/book-luv2code-1001.png', 1, 100, 20.99, 1, NOW());
INSERT INTO product (sku, name, description, image_url, active, units_in_stock, unit_price, category_id,date_created) VALUES ('BOOK-TECH-1002', 'Exploring Vue.js', 'Learn Vue.js at your own pace. The author explains how the technology works in easy-to-understand language. This book includes working examples that you can apply to your own projects. Purchase the book and get started today!', 'assets/images/products/books/book-luv2code-1002.png', 1, 100, 14.99, 1, NOW());
INSERT INTO product (sku, name, description, image_url, active, units_in_stock, unit_price, category_id,date_created) VALUES ('BOOK-TECH-1003', 'Advanced Techniques in Big Data', 'Learn Big Data at your own pace. The author explains how the technology works in easy-to-understand language. This book includes working examples that you can apply to your own projects. Purchase the book and get started today!', 'assets/images/products/books/book-luv2code-1003.png', 1, 100, 13.99, 1, NOW());
INSERT INTO product (sku, name, description, image_url, active, units_in_stock, unit_price, category_id,date_created) VALUES ('BOOK-TECH-1004', 'Crash Course in Big Data', 'Learn Big Data at your own pace. The author explains how the technology works in easy-to-understand language. This book includes working examples that you can apply to your own projects. Purchase the book and get started today!', 'assets/images/products/books/book-luv2code-1004.png', 1, 100, 18.99, 1, NOW());
INSERT INTO product (sku, name, description, image_url, active, units_in_stock, unit_price, category_id,date_created) VALUES ('BOOK-TECH-1005', 'JavaScript Cookbook', 'Learn JavaScript at your own pace. The author explains how the technology works in easy-to-understand language. This book includes working examples that you can apply to your own projects. Purchase the book and get started today!', 'assets/images/products/books/book-luv2code-1005.png', 1, 100, 23.99, 1, NOW());
INSERT INTO product (sku, name, description, image_url, active, units_in_stock, unit_price, category_id,date_created) VALUES ('BOOK-TECH-1006', 'Beginners Guide to SQL', 'Learn SQL at your own pace. The author explains how the technology works in easy-to-understand language. This book includes working examples that you can apply to your own projects. Purchase the book and get started today!', 'assets/images/products/books/book-luv2code-1006.png', 1, 100, 14.99, 1, NOW());
INSERT INTO product (sku, name, description, image_url, active, units_in_stock, unit_price, category_id,date_created) VALUES ('BOOK-TECH-1007', 'Advanced Techniques in JavaScript', 'Learn JavaScript at your own pace. The author explains how the technology works in easy-to-understand language. This book includes working examples that you can apply to your own projects. Purchase the book and get started today!', 'assets/images/products/books/book-luv2code-1007.png', 1, 100, 16.99, 1, NOW());
INSERT INTO product (sku, name, description, image_url, active, units_in_stock, unit_price, category_id,date_created) VALUES ('BOOK-TECH-1008', 'Introduction to Spring Boot', 'Learn Spring Boot at your own pace. The author explains how the technology works in easy-to-understand language. This book includes working examples that you can apply to your own projects. Purchase the book and get started today!', 'assets/images/products/books/book-luv2code-1008.png', 1, 100, 25.99, 1, NOW());
INSERT INTO product (sku, name, description, image_url, active, units_in_stock, unit_price, category_id,date_created) VALUES ('BOOK-TECH-1009', 'Become a Guru in React.js', 'Learn React.js at your own pace. The author explains how the technology works in easy-to-understand language. This book includes working examples that you can apply to your own projects. Purchase the book and get started today!', 'assets/images/products/books/book-luv2code-1009.png', 1, 100, 23.99, 1, NOW());
INSERT INTO product (sku, name, description, image_url, active, units_in_stock, unit_price, category_id,date_created) VALUES ('BOOK-TECH-1010', 'Beginners Guide to Data Science', 'Learn Data Science at your own pace. The author explains how the technology works in easy-to-understand language. This book includes working examples that you can apply to your own projects. Purchase the book and get started today!', 'assets/images/products/books/book-luv2code-1010.png', 1, 100, 24.99, 1, NOW());
INSERT INTO product (sku, name, description, image_url, active, units_in_stock, unit_price, category_id,date_created) VALUES ('BOOK-TECH-1011', 'Advanced Techniques in Java', 'Learn Java at your own pace. The author explains how the technology works in easy-to-understand language. This book includes working examples that you can apply to your own projects. Purchase the book and get started today!', 'assets/images/products/books/book-luv2code-1011.png', 1, 100, 19.99, 1, NOW());
INSERT INTO product (sku, name, description, image_url, active, units_in_stock, unit_price, category_id,date_created) VALUES ('BOOK-TECH-1012', 'Exploring DevOps', 'Learn DevOps at your own pace. The author explains how the technology works in easy-to-understand language. This book includes working examples that you can apply to your own projects. Purchase the book and get started today!', 'assets/images/products/books/book-luv2code-1012.png', 1, 100, 24.99, 1, NOW());
INSERT INTO product (sku, name, description, image_url, active, units_in_stock, unit_price, category_id,date_created) VALUES ('BOOK-TECH-1013', 'The Expert Guide to SQL', 'Learn SQL at your own pace. The author explains how the technology works in easy-to-understand language. This book includes working examples that you can apply to your own projects. Purchase the book and get started today!', 'assets/images/products/books/book-luv2code-1013.png', 1, 100, 19.99, 1, NOW());
INSERT INTO product (sku, name, description, image_url, active, units_in_stock, unit_price, category_id,date_created) VALUES ('BOOK-TECH-1014', 'Introduction to SQL', 'Learn SQL at your own pace. The author explains how the technology works in easy-to-understand language. This book includes working examples that you can apply to your own projects. Purchase the book and get started today!', 'assets/images/products/books/book-luv2code-1014.png', 1, 100, 22.99, 1, NOW());
INSERT INTO product (sku, name, description, image_url, active, units_in_stock, unit_price, category_id,date_created) VALUES ('BOOK-TECH-1015', 'The Expert Guide to JavaScript', 'Learn JavaScript at your own pace. The author explains how the technology works in easy-to-understand language. This book includes working examples that you can apply to your own projects. Purchase the book and get started today!', 'assets/images/products/books/book-luv2code-1015.png', 1, 100, 22.99, 1, NOW());
INSERT INTO product (sku, name, description, image_url, active, units_in_stock, unit_price, category_id,date_created) VALUES ('BOOK-TECH-1016', 'Exploring React.js', 'Learn React.js at your own pace. The author explains how the technology works in easy-to-understand language. This book includes working examples that you can apply to your own projects. Purchase the book and get started today!', 'assets/images/products/books/book-luv2code-1016.png', 1, 100, 27.99, 1, NOW());
INSERT INTO product (sku, name, description, image_url, active, units_in_stock, unit_price, category_id,date_created) VALUES ('BOOK-TECH-1017', 'Advanced Techniques in React.js', 'Learn React.js at your own pace. The author explains how the technology works in easy-to-understand language. This book includes working examples that you can apply to your own projects. Purchase the book and get started today!', 'assets/images/products/books/book-luv2code-1017.png', 1, 100, 13.99, 1, NOW());
INSERT INTO product (sku, name, description, image_url, active, units_in_stock, unit_price, category_id,date_created) VALUES ('BOOK-TECH-1018', 'Introduction to C#', 'Learn C# at your own pace. The author explains how the technology works in easy-to-understand language. This book includes working examples that you can apply to your own projects. Purchase the book and get started today!', 'assets/images/products/books/book-luv2code-1018.png', 1, 100, 26.99, 1, NOW());
INSERT INTO product (sku, name, description, image_url, active, units_in_stock, unit_price, category_id,date_created) VALUES ('BOOK-TECH-1019', 'Crash Course in JavaScript', 'Learn JavaScript at your own pace. The author explains how the technology works in easy-to-understand language. This book includes working examples that you can apply to your own projects. Purchase the book and get started today!', 'assets/images/products/books/book-luv2code-1019.png', 1, 100, 13.99, 1, NOW());
INSERT INTO product (sku, name, description, image_url, active, units_in_stock, unit_price, category_id,date_created) VALUES ('BOOK-TECH-1020', 'Introduction to Machine Learning', 'Learn Machine Learning at your own pace. The author explains how the technology works in easy-to-understand language. This book includes working examples that you can apply to your own projects. Purchase the book and get started today!', 'assets/images/products/books/book-luv2code-1020.png', 1, 100, 19.99, 1, NOW());
INSERT INTO product (sku, name, description, image_url, active, units_in_stock, unit_price, category_id,date_created) VALUES ('BOOK-TECH-1021', 'Become a Guru in Java', 'Learn Java at your own pace. The author explains how the technology works in easy-to-understand language. This book includes working examples that you can apply to your own projects. Purchase the book and get started today!', 'assets/images/products/books/book-luv2code-1021.png', 1, 100, 18.99, 1, NOW());
INSERT INTO product (sku, name, description, image_url, active, units_in_stock, unit_price, category_id,date_created) VALUES ('BOOK-TECH-1022', 'Introduction to Python', 'Learn Python at your own pace. The author explains how the technology works in easy-to-understand language. This book includes working examples that you can apply to your own projects. Purchase the book and get started today!', 'assets/images/products/books/book-luv2code-1022.png', 1, 100, 26.99, 1, NOW());
INSERT INTO product (sku, name, description, image_url, active, units_in_stock, unit_price, category_id,date_created) VALUES ('BOOK-TECH-1023', 'Advanced Techniques in C#', 'Learn C# at your own pace. The author explains how the technology works in easy-to-understand language. This book includes working examples that you can apply to your own projects. Purchase the book and get started today!', 'assets/images/products/books/book-luv2code-1023.png', 1, 100, 22.99, 1, NOW());
INSERT INTO product (sku, name, description, image_url, active, units_in_stock, unit_price, category_id,date_created) VALUES ('BOOK-TECH-1024', 'The Expert Guide to Machine Learning', 'Learn Machine Learning at your own pace. The author explains how the technology works in easy-to-understand language. This book includes working examples that you can apply to your own projects. Purchase the book and get started today!', 'assets/images/products/books/book-luv2code-1024.png', 1, 100, 16.99, 1, NOW());

-- -----------------------------------------------------
-- Coffee Mugs
-- -----------------------------------------------------
INSERT INTO product (sku, name, description, image_url, active, units_in_stock, unit_price, category_id,date_created) VALUES ('COFFEEMUG-1000', 'Coffee Mug - Express', 'Do you love mathematics? If so, then you need this elegant coffee mug with an amazing fractal design. You don\'t have to worry about boring coffee mugs anymore. This coffee mug will be the topic of conversation in the office, guaranteed! Buy it now!', 'assets/images/products/coffeemugs/coffeemug-luv2code-1000.png', 1, 100, 18.99, 2, NOW());
INSERT INTO product (sku, name, description, image_url, active, units_in_stock, unit_price, category_id,date_created) VALUES ('COFFEEMUG-1001', 'Coffee Mug - Cherokee', 'Do you love mathematics? If so, then you need this elegant coffee mug with an amazing fractal design. You don\'t have to worry about boring coffee mugs anymore. This coffee mug will be the topic of conversation in the office, guaranteed! Buy it now!', 'assets/images/products/coffeemugs/coffeemug-luv2code-1001.png', 1, 100, 18.99, 2, NOW());
INSERT INTO product (sku, name, description, image_url, active, units_in_stock, unit_price, category_id,date_created) VALUES ('COFFEEMUG-1002', 'Coffee Mug - Sweeper', 'Do you love mathematics? If so, then you need this elegant coffee mug with an amazing fractal design. You don\'t have to worry about boring coffee mugs anymore. This coffee mug will be the topic of conversation in the office, guaranteed! Buy it now!', 'assets/images/products/coffeemugs/coffeemug-luv2code-1002.png', 1, 100, 18.99, 2, NOW());
INSERT INTO product (sku, name, description, image_url, active, units_in_stock, unit_price, category_id,date_created) VALUES ('COFFEEMUG-1003', 'Coffee Mug - Aspire', 'Do you love mathematics? If so, then you need this elegant coffee mug with an amazing fractal design. You don\'t have to worry about boring coffee mugs anymore. This coffee mug will be the topic of conversation in the office, guaranteed! Buy it now!', 'assets/images/products/coffeemugs/coffeemug-luv2code-1003.png', 1, 100, 18.99, 2, NOW());
INSERT INTO product (sku, name, description, image_url, active, units_in_stock, unit_price, category_id,date_created) VALUES ('COFFEEMUG-1004', 'Coffee Mug - Dorian', 'Do you love mathematics? If so, then you need this elegant coffee mug with an amazing fractal design. You don\'t have to worry about boring coffee mugs anymore. This coffee mug will be the topic of conversation in the office, guaranteed! Buy it now!', 'assets/images/products/coffeemugs/coffeemug-luv2code-1004.png', 1, 100, 18.99, 2, NOW());
INSERT INTO product (sku, name, description, image_url, active, units_in_stock, unit_price, category_id,date_created) VALUES ('COFFEEMUG-1005', 'Coffee Mug - Columbia', 'Do you love mathematics? If so, then you need this elegant coffee mug with an amazing fractal design. You don\'t have to worry about boring coffee mugs anymore. This coffee mug will be the topic of conversation in the office, guaranteed! Buy it now!', 'assets/images/products/coffeemugs/coffeemug-luv2code-1005.png', 1, 100, 18.99, 2, NOW());
INSERT INTO product (sku, name, description, image_url, active, units_in_stock, unit_price, category_id,date_created) VALUES ('COFFEEMUG-1006', 'Coffee Mug - Worthing', 'Do you love mathematics? If so, then you need this elegant coffee mug with an amazing fractal design. You don\'t have to worry about boring coffee mugs anymore. This coffee mug will be the topic of conversation in the office, guaranteed! Buy it now!', 'assets/images/products/coffeemugs/coffeemug-luv2code-1006.png', 1, 100, 18.99, 2, NOW());
INSERT INTO product (sku, name, description, image_url, active, units_in_stock, unit_price, category_id,date_created) VALUES ('COFFEEMUG-1007', 'Coffee Mug - Oak Cliff', 'Do you love mathematics? If so, then you need this elegant coffee mug with an amazing fractal design. You don\'t have to worry about boring coffee mugs anymore. This coffee mug will be the topic of conversation in the office, guaranteed! Buy it now!', 'assets/images/products/coffeemugs/coffeemug-luv2code-1007.png', 1, 100, 18.99, 2, NOW());
INSERT INTO product (sku, name, description, image_url, active, units_in_stock, unit_price, category_id,date_created) VALUES ('COFFEEMUG-1008', 'Coffee Mug - Tachyon', 'Do you love mathematics? If so, then you need this elegant coffee mug with an amazing fractal design. You don\'t have to worry about boring coffee mugs anymore. This coffee mug will be the topic of conversation in the office, guaranteed! Buy it now!', 'assets/images/products/coffeemugs/coffeemug-luv2code-1008.png', 1, 100, 18.99, 2, NOW());
INSERT INTO product (sku, name, description, image_url, active, units_in_stock, unit_price, category_id,date_created) VALUES ('COFFEEMUG-1009', 'Coffee Mug - Pan', 'Do you love mathematics? If so, then you need this elegant coffee mug with an amazing fractal design. You don\'t have to worry about boring coffee mugs anymore. This coffee mug will be the topic of conversation in the office, guaranteed! Buy it now!', 'assets/images/products/coffeemugs/coffeemug-luv2code-1009.png', 1, 100, 18.99, 2, NOW());
INSERT INTO product (sku, name, description, image_url, active, units_in_stock, unit_price, category_id,date_created) VALUES ('COFFEEMUG-1010', 'Coffee Mug - Phase', 'Do you love mathematics? If so, then you need this elegant coffee mug with an amazing fractal design. You don\'t have to worry about boring coffee mugs anymore. This coffee mug will be the topic of conversation in the office, guaranteed! Buy it now!', 'assets/images/products/coffeemugs/coffeemug-luv2code-1010.png', 1, 100, 18.99, 2, NOW());
INSERT INTO product (sku, name, description, image_url, active, units_in_stock, unit_price, category_id,date_created) VALUES ('COFFEEMUG-1011', 'Coffee Mug - Falling', 'Do you love mathematics? If so, then you need this elegant coffee mug with an amazing fractal design. You don\'t have to worry about boring coffee mugs anymore. This coffee mug will be the topic of conversation in the office, guaranteed! Buy it now!', 'assets/images/products/coffeemugs/coffeemug-luv2code-1011.png', 1, 100, 18.99, 2, NOW());
INSERT INTO product (sku, name, description, image_url, active, units_in_stock, unit_price, category_id,date_created) VALUES ('COFFEEMUG-1012', 'Coffee Mug - Wispy', 'Do you love mathematics? If so, then you need this elegant coffee mug with an amazing fractal design. You don\'t have to worry about boring coffee mugs anymore. This coffee mug will be the topic of conversation in the office, guaranteed! Buy it now!', 'assets/images/products/coffeemugs/coffeemug-luv2code-1012.png', 1, 100, 18.99, 2, NOW());
INSERT INTO product (sku, name, description, image_url, active, units_in_stock, unit_price, category_id,date_created) VALUES ('COFFEEMUG-1013', 'Coffee Mug - Arlington', 'Do you love mathematics? If so, then you need this elegant coffee mug with an amazing fractal design. You don\'t have to worry about boring coffee mugs anymore. This coffee mug will be the topic of conversation in the office, guaranteed! Buy it now!', 'assets/images/products/coffeemugs/coffeemug-luv2code-1013.png', 1, 100, 18.99, 2, NOW());
INSERT INTO product (sku, name, description, image_url, active, units_in_stock, unit_price, category_id,date_created) VALUES ('COFFEEMUG-1014', 'Coffee Mug - Gazing', 'Do you love mathematics? If so, then you need this elegant coffee mug with an amazing fractal design. You don\'t have to worry about boring coffee mugs anymore. This coffee mug will be the topic of conversation in the office, guaranteed! Buy it now!', 'assets/images/products/coffeemugs/coffeemug-luv2code-1014.png', 1, 100, 18.99, 2, NOW());
INSERT INTO product (sku, name, description, image_url, active, units_in_stock, unit_price, category_id,date_created) VALUES ('COFFEEMUG-1015', 'Coffee Mug - Azura', 'Do you love mathematics? If so, then you need this elegant coffee mug with an amazing fractal design. You don\'t have to worry about boring coffee mugs anymore. This coffee mug will be the topic of conversation in the office, guaranteed! Buy it now!', 'assets/images/products/coffeemugs/coffeemug-luv2code-1015.png', 1, 100, 18.99, 2, NOW());
INSERT INTO product (sku, name, description, image_url, active, units_in_stock, unit_price, category_id,date_created) VALUES ('COFFEEMUG-1016', 'Coffee Mug - Quantum Leap', 'Do you love mathematics? If so, then you need this elegant coffee mug with an amazing fractal design. You don\'t have to worry about boring coffee mugs anymore. This coffee mug will be the topic of conversation in the office, guaranteed! Buy it now!', 'assets/images/products/coffeemugs/coffeemug-luv2code-1016.png', 1, 100, 18.99, 2, NOW());
INSERT INTO product (sku, name, description, image_url, active, units_in_stock, unit_price, category_id,date_created) VALUES ('COFFEEMUG-1017', 'Coffee Mug - Light Years', 'Do you love mathematics? If so, then you need this elegant coffee mug with an amazing fractal design. You don\'t have to worry about boring coffee mugs anymore. This coffee mug will be the topic of conversation in the office, guaranteed! Buy it now!', 'assets/images/products/coffeemugs/coffeemug-luv2code-1017.png', 1, 100, 18.99, 2, NOW());
INSERT INTO product (sku, name, description, image_url, active, units_in_stock, unit_price, category_id,date_created) VALUES ('COFFEEMUG-1018', 'Coffee Mug - Taylor', 'Do you love mathematics? If so, then you need this elegant coffee mug with an amazing fractal design. You don\'t have to worry about boring coffee mugs anymore. This coffee mug will be the topic of conversation in the office, guaranteed! Buy it now!', 'assets/images/products/coffeemugs/coffeemug-luv2code-1018.png', 1, 100, 18.99, 2, NOW());
INSERT INTO product (sku, name, description, image_url, active, units_in_stock, unit_price, category_id,date_created) VALUES ('COFFEEMUG-1019', 'Coffee Mug - Gracia', 'Do you love mathematics? If so, then you need this elegant coffee mug with an amazing fractal design. You don\'t have to worry about boring coffee mugs anymore. This coffee mug will be the topic of conversation in the office, guaranteed! Buy it now!', 'assets/images/products/coffeemugs/coffeemug-luv2code-1019.png', 1, 100, 18.99, 2, NOW());
INSERT INTO product (sku, name, description, image_url, active, units_in_stock, unit_price, category_id,date_created) VALUES ('COFFEEMUG-1020', 'Coffee Mug - Relax', 'Do you love mathematics? If so, then you need this elegant coffee mug with an amazing fractal design. You don\'t have to worry about boring coffee mugs anymore. This coffee mug will be the topic of conversation in the office, guaranteed! Buy it now!', 'assets/images/products/coffeemugs/coffeemug-luv2code-1020.png', 1, 100, 18.99, 2, NOW());
INSERT INTO product (sku, name, description, image_url, active, units_in_stock, unit_price, category_id,date_created) VALUES ('COFFEEMUG-1021', 'Coffee Mug - Windermere', 'Do you love mathematics? If so, then you need this elegant coffee mug with an amazing fractal design. You don\'t have to worry about boring coffee mugs anymore. This coffee mug will be the topic of conversation in the office, guaranteed! Buy it now!', 'assets/images/products/coffeemugs/coffeemug-luv2code-1021.png', 1, 100, 18.99, 2, NOW());
INSERT INTO product (sku, name, description, image_url, active, units_in_stock, unit_price, category_id,date_created) VALUES ('COFFEEMUG-1022', 'Coffee Mug - Prancer', 'Do you love mathematics? If so, then you need this elegant coffee mug with an amazing fractal design. You don\'t have to worry about boring coffee mugs anymore. This coffee mug will be the topic of conversation in the office, guaranteed! Buy it now!', 'assets/images/products/coffeemugs/coffeemug-luv2code-1022.png', 1, 100, 18.99, 2, NOW());
INSERT INTO product (sku, name, description, image_url, active, units_in_stock, unit_price, category_id,date_created) VALUES ('COFFEEMUG-1023', 'Coffee Mug - Recursion', 'Do you love mathematics? If so, then you need this elegant coffee mug with an amazing fractal design. You don\'t have to worry about boring coffee mugs anymore. This coffee mug will be the topic of conversation in the office, guaranteed! Buy it now!', 'assets/images/products/coffeemugs/coffeemug-luv2code-1023.png', 1, 100, 18.99, 2, NOW());
INSERT INTO product (sku, name, description, image_url, active, units_in_stock, unit_price, category_id,date_created) VALUES ('COFFEEMUG-1024', 'Coffee Mug - Treasure', 'Do you love mathematics? If so, then you need this elegant coffee mug with an amazing fractal design. You don\'t have to worry about boring coffee mugs anymore. This coffee mug will be the topic of conversation in the office, guaranteed! Buy it now!', 'assets/images/products/coffeemugs/coffeemug-luv2code-1024.png', 1, 100, 18.99, 2, NOW());

-- -----------------------------------------------------
-- Mouse Pads
-- -----------------------------------------------------
INSERT INTO product (sku, name, description, image_url, active, units_in_stock, unit_price, category_id,date_created) VALUES ('MOUSEPAD-1000', 'Mouse Pad - Express', 'Fractal images are amazing! You can now own a mouse pad with a unique and amazing fractal. The mouse pad is made of a durable and smooth material. Your mouse will easily glide across the mouse pad. This mouse pad will brighten your workspace. Buy it now!', 'assets/images/products/mousepads/mousepad-luv2code-1000.png', 1, 100, 17.99, 3, NOW());
INSERT INTO product (sku, name, description, image_url, active, units_in_stock, unit_price, category_id,date_created) VALUES ('MOUSEPAD-1001', 'Mouse Pad - Cherokee', 'Fractal images are amazing! You can now own a mouse pad with a unique and amazing fractal. The mouse pad is made of a durable and smooth material. Your mouse will easily glide across the mouse pad. This mouse pad will brighten your workspace. Buy it now!', 'assets/images/products/mousepads/mousepad-luv2code-1001.png', 1, 100, 17.99, 3, NOW());
INSERT INTO product (sku, name, description, image_url, active, units_in_stock, unit_price, category_id,date_created) VALUES ('MOUSEPAD-1002', 'Mouse Pad - Sweeper', 'Fractal images are amazing! You can now own a mouse pad with a unique and amazing fractal. The mouse pad is made of a durable and smooth material. Your mouse will easily glide across the mouse pad. This mouse pad will brighten your workspace. Buy it now!', 'assets/images/products/mousepads/mousepad-luv2code-1002.png', 1, 100, 17.99, 3, NOW());
INSERT INTO product (sku, name, description, image_url, active, units_in_stock, unit_price, category_id,date_created) VALUES ('MOUSEPAD-1003', 'Mouse Pad - Aspire', 'Fractal images are amazing! You can now own a mouse pad with a unique and amazing fractal. The mouse pad is made of a durable and smooth material. Your mouse will easily glide across the mouse pad. This mouse pad will brighten your workspace. Buy it now!', 'assets/images/products/mousepads/mousepad-luv2code-1003.png', 1, 100, 17.99, 3, NOW());
INSERT INTO product (sku, name, description, image_url, active, units_in_stock, unit_price, category_id,date_created) VALUES ('MOUSEPAD-1004', 'Mouse Pad - Dorian', 'Fractal images are amazing! You can now own a mouse pad with a unique and amazing fractal. The mouse pad is made of a durable and smooth material. Your mouse will easily glide across the mouse pad. This mouse pad will brighten your workspace. Buy it now!', 'assets/images/products/mousepads/mousepad-luv2code-1004.png', 1, 100, 17.99, 3, NOW());
INSERT INTO product (sku, name, description, image_url, active, units_in_stock, unit_price, category_id,date_created) VALUES ('MOUSEPAD-1005', 'Mouse Pad - Columbia', 'Fractal images are amazing! You can now own a mouse pad with a unique and amazing fractal. The mouse pad is made of a durable and smooth material. Your mouse will easily glide across the mouse pad. This mouse pad will brighten your workspace. Buy it now!', 'assets/images/products/mousepads/mousepad-luv2code-1005.png', 1, 100, 17.99, 3, NOW());
INSERT INTO product (sku, name, description, image_url, active, units_in_stock, unit_price, category_id,date_created) VALUES ('MOUSEPAD-1006', 'Mouse Pad - Worthing', 'Fractal images are amazing! You can now own a mouse pad with a unique and amazing fractal. The mouse pad is made of a durable and smooth material. Your mouse will easily glide across the mouse pad. This mouse pad will brighten your workspace. Buy it now!', 'assets/images/products/mousepads/mousepad-luv2code-1006.png', 1, 100, 17.99, 3, NOW());
INSERT INTO product (sku, name, description, image_url, active, units_in_stock, unit_price, category_id,date_created) VALUES ('MOUSEPAD-1007', 'Mouse Pad - Oak Cliff', 'Fractal images are amazing! You can now own a mouse pad with a unique and amazing fractal. The mouse pad is made of a durable and smooth material. Your mouse will easily glide across the mouse pad. This mouse pad will brighten your workspace. Buy it now!', 'assets/images/products/mousepads/mousepad-luv2code-1007.png', 1, 100, 17.99, 3, NOW());
INSERT INTO product (sku, name, description, image_url, active, units_in_stock, unit_price, category_id,date_created) VALUES ('MOUSEPAD-1008', 'Mouse Pad - Tachyon', 'Fractal images are amazing! You can now own a mouse pad with a unique and amazing fractal. The mouse pad is made of a durable and smooth material. Your mouse will easily glide across the mouse pad. This mouse pad will brighten your workspace. Buy it now!', 'assets/images/products/mousepads/mousepad-luv2code-1008.png', 1, 100, 17.99, 3, NOW());
INSERT INTO product (sku, name, description, image_url, active, units_in_stock, unit_price, category_id,date_created) VALUES ('MOUSEPAD-1009', 'Mouse Pad - Pan', 'Fractal images are amazing! You can now own a mouse pad with a unique and amazing fractal. The mouse pad is made of a durable and smooth material. Your mouse will easily glide across the mouse pad. This mouse pad will brighten your workspace. Buy it now!', 'assets/images/products/mousepads/mousepad-luv2code-1009.png', 1, 100, 17.99, 3, NOW());
INSERT INTO product (sku, name, description, image_url, active, units_in_stock, unit_price, category_id,date_created) VALUES ('MOUSEPAD-1010', 'Mouse Pad - Phase', 'Fractal images are amazing! You can now own a mouse pad with a unique and amazing fractal. The mouse pad is made of a durable and smooth material. Your mouse will easily glide across the mouse pad. This mouse pad will brighten your workspace. Buy it now!', 'assets/images/products/mousepads/mousepad-luv2code-1010.png', 1, 100, 17.99, 3, NOW());
INSERT INTO product (sku, name, description, image_url, active, units_in_stock, unit_price, category_id,date_created) VALUES ('MOUSEPAD-1011', 'Mouse Pad - Falling', 'Fractal images are amazing! You can now own a mouse pad with a unique and amazing fractal. The mouse pad is made of a durable and smooth material. Your mouse will easily glide across the mouse pad. This mouse pad will brighten your workspace. Buy it now!', 'assets/images/products/mousepads/mousepad-luv2code-1011.png', 1, 100, 17.99, 3, NOW());
INSERT INTO product (sku, name, description, image_url, active, units_in_stock, unit_price, category_id,date_created) VALUES ('MOUSEPAD-1012', 'Mouse Pad - Wispy', 'Fractal images are amazing! You can now own a mouse pad with a unique and amazing fractal. The mouse pad is made of a durable and smooth material. Your mouse will easily glide across the mouse pad. This mouse pad will brighten your workspace. Buy it now!', 'assets/images/products/mousepads/mousepad-luv2code-1012.png', 1, 100, 17.99, 3, NOW());
INSERT INTO product (sku, name, description, image_url, active, units_in_stock, unit_price, category_id,date_created) VALUES ('MOUSEPAD-1013', 'Mouse Pad - Arlington', 'Fractal images are amazing! You can now own a mouse pad with a unique and amazing fractal. The mouse pad is made of a durable and smooth material. Your mouse will easily glide across the mouse pad. This mouse pad will brighten your workspace. Buy it now!', 'assets/images/products/mousepads/mousepad-luv2code-1013.png', 1, 100, 17.99, 3, NOW());
INSERT INTO product (sku, name, description, image_url, active, units_in_stock, unit_price, category_id,date_created) VALUES ('MOUSEPAD-1014', 'Mouse Pad - Gazing', 'Fractal images are amazing! You can now own a mouse pad with a unique and amazing fractal. The mouse pad is made of a durable and smooth material. Your mouse will easily glide across the mouse pad. This mouse pad will brighten your workspace. Buy it now!', 'assets/images/products/mousepads/mousepad-luv2code-1014.png', 1, 100, 17.99, 3, NOW());
INSERT INTO product (sku, name, description, image_url, active, units_in_stock, unit_price, category_id,date_created) VALUES ('MOUSEPAD-1015', 'Mouse Pad - Azura', 'Fractal images are amazing! You can now own a mouse pad with a unique and amazing fractal. The mouse pad is made of a durable and smooth material. Your mouse will easily glide across the mouse pad. This mouse pad will brighten your workspace. Buy it now!', 'assets/images/products/mousepads/mousepad-luv2code-1015.png', 1, 100, 17.99, 3, NOW());
INSERT INTO product (sku, name, description, image_url, active, units_in_stock, unit_price, category_id,date_created) VALUES ('MOUSEPAD-1016', 'Mouse Pad - Quantum Leap', 'Fractal images are amazing! You can now own a mouse pad with a unique and amazing fractal. The mouse pad is made of a durable and smooth material. Your mouse will easily glide across the mouse pad. This mouse pad will brighten your workspace. Buy it now!', 'assets/images/products/mousepads/mousepad-luv2code-1016.png', 1, 100, 17.99, 3, NOW());
INSERT INTO product (sku, name, description, image_url, active, units_in_stock, unit_price, category_id,date_created) VALUES ('MOUSEPAD-1017', 'Mouse Pad - Light Years', 'Fractal images are amazing! You can now own a mouse pad with a unique and amazing fractal. The mouse pad is made of a durable and smooth material. Your mouse will easily glide across the mouse pad. This mouse pad will brighten your workspace. Buy it now!', 'assets/images/products/mousepads/mousepad-luv2code-1017.png', 1, 100, 17.99, 3, NOW());
INSERT INTO product (sku, name, description, image_url, active, units_in_stock, unit_price, category_id,date_created) VALUES ('MOUSEPAD-1018', 'Mouse Pad - Taylor', 'Fractal images are amazing! You can now own a mouse pad with a unique and amazing fractal. The mouse pad is made of a durable and smooth material. Your mouse will easily glide across the mouse pad. This mouse pad will brighten your workspace. Buy it now!', 'assets/images/products/mousepads/mousepad-luv2code-1018.png', 1, 100, 17.99, 3, NOW());
INSERT INTO product (sku, name, description, image_url, active, units_in_stock, unit_price, category_id,date_created) VALUES ('MOUSEPAD-1019', 'Mouse Pad - Gracia', 'Fractal images are amazing! You can now own a mouse pad with a unique and amazing fractal. The mouse pad is made of a durable and smooth material. Your mouse will easily glide across the mouse pad. This mouse pad will brighten your workspace. Buy it now!', 'assets/images/products/mousepads/mousepad-luv2code-1019.png', 1, 100, 17.99, 3, NOW());
INSERT INTO product (sku, name, description, image_url, active, units_in_stock, unit_price, category_id,date_created) VALUES ('MOUSEPAD-1020', 'Mouse Pad - Relax', 'Fractal images are amazing! You can now own a mouse pad with a unique and amazing fractal. The mouse pad is made of a durable and smooth material. Your mouse will easily glide across the mouse pad. This mouse pad will brighten your workspace. Buy it now!', 'assets/images/products/mousepads/mousepad-luv2code-1020.png', 1, 100, 17.99, 3, NOW());
INSERT INTO product (sku, name, description, image_url, active, units_in_stock, unit_price, category_id,date_created) VALUES ('MOUSEPAD-1021', 'Mouse Pad - Windermere', 'Fractal images are amazing! You can now own a mouse pad with a unique and amazing fractal. The mouse pad is made of a durable and smooth material. Your mouse will easily glide across the mouse pad. This mouse pad will brighten your workspace. Buy it now!', 'assets/images/products/mousepads/mousepad-luv2code-1021.png', 1, 100, 17.99, 3, NOW());
INSERT INTO product (sku, name, description, image_url, active, units_in_stock, unit_price, category_id,date_created) VALUES ('MOUSEPAD-1022', 'Mouse Pad - Prancer', 'Fractal images are amazing! You can now own a mouse pad with a unique and amazing fractal. The mouse pad is made of a durable and smooth material. Your mouse will easily glide across the mouse pad. This mouse pad will brighten your workspace. Buy it now!', 'assets/images/products/mousepads/mousepad-luv2code-1022.png', 1, 100, 17.99, 3, NOW());
INSERT INTO product (sku, name, description, image_url, active, units_in_stock, unit_price, category_id,date_created) VALUES ('MOUSEPAD-1023', 'Mouse Pad - Recursion', 'Fractal images are amazing! You can now own a mouse pad with a unique and amazing fractal. The mouse pad is made of a durable and smooth material. Your mouse will easily glide across the mouse pad. This mouse pad will brighten your workspace. Buy it now!', 'assets/images/products/mousepads/mousepad-luv2code-1023.png', 1, 100, 17.99, 3, NOW());
INSERT INTO product (sku, name, description, image_url, active, units_in_stock, unit_price, category_id,date_created) VALUES ('MOUSEPAD-1024', 'Mouse Pad - Treasure', 'Fractal images are amazing! You can now own a mouse pad with a unique and amazing fractal. The mouse pad is made of a durable and smooth material. Your mouse will easily glide across the mouse pad. This mouse pad will brighten your workspace. Buy it now!', 'assets/images/products/mousepads/mousepad-luv2code-1024.png', 1, 100, 17.99, 3, NOW());

-- -----------------------------------------------------
-- Luggage Tags
-- -----------------------------------------------------
INSERT INTO product (sku, name, description, image_url, active, units_in_stock, unit_price, category_id,date_created) VALUES ('LUGGAGETAG-1000', 'Luggage Tag - Cherish', 'This luggage tag will help you identify your luggage. The luggage tag is very unique and it will stand out from the crowd. The luggage tag is created out of a rugged and durable plastic. Buy this luggage tag now to make it easy to identify your luggage!', 'assets/images/products/luggagetags/luggagetag-luv2code-1000.png', 1, 100, 16.99, 4, NOW());
INSERT INTO product (sku, name, description, image_url, active, units_in_stock, unit_price, category_id,date_created) VALUES ('LUGGAGETAG-1001', 'Luggage Tag - Adventure', 'This luggage tag will help you identify your luggage. The luggage tag is very unique and it will stand out from the crowd. The luggage tag is created out of a rugged and durable plastic. Buy this luggage tag now to make it easy to identify your luggage!', 'assets/images/products/luggagetags/luggagetag-luv2code-1001.png', 1, 100, 16.99, 4, NOW());
INSERT INTO product (sku, name, description, image_url, active, units_in_stock, unit_price, category_id,date_created) VALUES ('LUGGAGETAG-1002', 'Luggage Tag - Skyline', 'This luggage tag will help you identify your luggage. The luggage tag is very unique and it will stand out from the crowd. The luggage tag is created out of a rugged and durable plastic. Buy this luggage tag now to make it easy to identify your luggage!', 'assets/images/products/luggagetags/luggagetag-luv2code-1002.png', 1, 100, 16.99, 4, NOW());
INSERT INTO product (sku, name, description, image_url, active, units_in_stock, unit_price, category_id,date_created) VALUES ('LUGGAGETAG-1003', 'Luggage Tag - River', 'This luggage tag will help you identify your luggage. The luggage tag is very unique and it will stand out from the crowd. The luggage tag is created out of a rugged and durable plastic. Buy this luggage tag now to make it easy to identify your luggage!', 'assets/images/products/luggagetags/luggagetag-luv2code-1003.png', 1, 100, 16.99, 4, NOW());
INSERT INTO product (sku, name, description, image_url, active, units_in_stock, unit_price, category_id,date_created) VALUES ('LUGGAGETAG-1004', 'Luggage Tag - Trail Steps', 'This luggage tag will help you identify your luggage. The luggage tag is very unique and it will stand out from the crowd. The luggage tag is created out of a rugged and durable plastic. Buy this luggage tag now to make it easy to identify your luggage!', 'assets/images/products/luggagetags/luggagetag-luv2code-1004.png', 1, 100, 16.99, 4, NOW());
INSERT INTO product (sku, name, description, image_url, active, units_in_stock, unit_price, category_id,date_created) VALUES ('LUGGAGETAG-1005', 'Luggage Tag - Blooming', 'This luggage tag will help you identify your luggage. The luggage tag is very unique and it will stand out from the crowd. The luggage tag is created out of a rugged and durable plastic. Buy this luggage tag now to make it easy to identify your luggage!', 'assets/images/products/luggagetags/luggagetag-luv2code-1005.png', 1, 100, 16.99, 4, NOW());
INSERT INTO product (sku, name, description, image_url, active, units_in_stock, unit_price, category_id,date_created) VALUES ('LUGGAGETAG-1006', 'Luggage Tag - Park', 'This luggage tag will help you identify your luggage. The luggage tag is very unique and it will stand out from the crowd. The luggage tag is created out of a rugged and durable plastic. Buy this luggage tag now to make it easy to identify your luggage!', 'assets/images/products/luggagetags/luggagetag-luv2code-1006.png', 1, 100, 16.99, 4, NOW());
INSERT INTO product (sku, name, description, image_url, active, units_in_stock, unit_price, category_id,date_created) VALUES ('LUGGAGETAG-1007', 'Luggage Tag - Beauty', 'This luggage tag will help you identify your luggage. The luggage tag is very unique and it will stand out from the crowd. The luggage tag is created out of a rugged and durable plastic. Buy this luggage tag now to make it easy to identify your luggage!', 'assets/images/products/luggagetags/luggagetag-luv2code-1007.png', 1, 100, 16.99, 4, NOW());
INSERT INTO product (sku, name, description, image_url, active, units_in_stock, unit_price, category_id,date_created) VALUES ('LUGGAGETAG-1008', 'Luggage Tag - Water Fall', 'This luggage tag will help you identify your luggage. The luggage tag is very unique and it will stand out from the crowd. The luggage tag is created out of a rugged and durable plastic. Buy this luggage tag now to make it easy to identify your luggage!', 'assets/images/products/luggagetags/luggagetag-luv2code-1008.png', 1, 100, 16.99, 4, NOW());
INSERT INTO product (sku, name, description, image_url, active, units_in_stock, unit_price, category_id,date_created) VALUES ('LUGGAGETAG-1009', 'Luggage Tag - Trail', 'This luggage tag will help you identify your luggage. The luggage tag is very unique and it will stand out from the crowd. The luggage tag is created out of a rugged and durable plastic. Buy this luggage tag now to make it easy to identify your luggage!', 'assets/images/products/luggagetags/luggagetag-luv2code-1009.png', 1, 100, 16.99, 4, NOW());
INSERT INTO product (sku, name, description, image_url, active, units_in_stock, unit_price, category_id,date_created) VALUES ('LUGGAGETAG-1010', 'Luggage Tag - Skyscraper', 'This luggage tag will help you identify your luggage. The luggage tag is very unique and it will stand out from the crowd. The luggage tag is created out of a rugged and durable plastic. Buy this luggage tag now to make it easy to identify your luggage!', 'assets/images/products/luggagetags/luggagetag-luv2code-1010.png', 1, 100, 16.99, 4, NOW());
INSERT INTO product (sku, name, description, image_url, active, units_in_stock, unit_price, category_id,date_created) VALUES ('LUGGAGETAG-1011', 'Luggage Tag - Leaf', 'This luggage tag will help you identify your luggage. The luggage tag is very unique and it will stand out from the crowd. The luggage tag is created out of a rugged and durable plastic. Buy this luggage tag now to make it easy to identify your luggage!', 'assets/images/products/luggagetags/luggagetag-luv2code-1011.png', 1, 100, 16.99, 4, NOW());
INSERT INTO product (sku, name, description, image_url, active, units_in_stock, unit_price, category_id,date_created) VALUES ('LUGGAGETAG-1012', 'Luggage Tag - Jungle', 'This luggage tag will help you identify your luggage. The luggage tag is very unique and it will stand out from the crowd. The luggage tag is created out of a rugged and durable plastic. Buy this luggage tag now to make it easy to identify your luggage!', 'assets/images/products/luggagetags/luggagetag-luv2code-1012.png', 1, 100, 16.99, 4, NOW());
INSERT INTO product (sku, name, description, image_url, active, units_in_stock, unit_price, category_id,date_created) VALUES ('LUGGAGETAG-1013', 'Luggage Tag - Shoreline', 'This luggage tag will help you identify your luggage. The luggage tag is very unique and it will stand out from the crowd. The luggage tag is created out of a rugged and durable plastic. Buy this luggage tag now to make it easy to identify your luggage!', 'assets/images/products/luggagetags/luggagetag-luv2code-1013.png', 1, 100, 16.99, 4, NOW());
INSERT INTO product (sku, name, description, image_url, active, units_in_stock, unit_price, category_id,date_created) VALUES ('LUGGAGETAG-1014', 'Luggage Tag - Blossom', 'This luggage tag will help you identify your luggage. The luggage tag is very unique and it will stand out from the crowd. The luggage tag is created out of a rugged and durable plastic. Buy this luggage tag now to make it easy to identify your luggage!', 'assets/images/products/luggagetags/luggagetag-luv2code-1014.png', 1, 100, 16.99, 4, NOW());
INSERT INTO product (sku, name, description, image_url, active, units_in_stock, unit_price, category_id,date_created) VALUES ('LUGGAGETAG-1015', 'Luggage Tag - Lock', 'This luggage tag will help you identify your luggage. The luggage tag is very unique and it will stand out from the crowd. The luggage tag is created out of a rugged and durable plastic. Buy this luggage tag now to make it easy to identify your luggage!', 'assets/images/products/luggagetags/luggagetag-luv2code-1015.png', 1, 100, 16.99, 4, NOW());
INSERT INTO product (sku, name, description, image_url, active, units_in_stock, unit_price, category_id,date_created) VALUES ('LUGGAGETAG-1016', 'Luggage Tag - Cafe', 'This luggage tag will help you identify your luggage. The luggage tag is very unique and it will stand out from the crowd. The luggage tag is created out of a rugged and durable plastic. Buy this luggage tag now to make it easy to identify your luggage!', 'assets/images/products/luggagetags/luggagetag-luv2code-1016.png', 1, 100, 16.99, 4, NOW());
INSERT INTO product (sku, name, description, image_url, active, units_in_stock, unit_price, category_id,date_created) VALUES ('LUGGAGETAG-1017', 'Luggage Tag - Darling', 'This luggage tag will help you identify your luggage. The luggage tag is very unique and it will stand out from the crowd. The luggage tag is created out of a rugged and durable plastic. Buy this luggage tag now to make it easy to identify your luggage!', 'assets/images/products/luggagetags/luggagetag-luv2code-1017.png', 1, 100, 16.99, 4, NOW());
INSERT INTO product (sku, name, description, image_url, active, units_in_stock, unit_price, category_id,date_created) VALUES ('LUGGAGETAG-1018', 'Luggage Tag - Full Stack', 'This luggage tag will help you identify your luggage. The luggage tag is very unique and it will stand out from the crowd. The luggage tag is created out of a rugged and durable plastic. Buy this luggage tag now to make it easy to identify your luggage!', 'assets/images/products/luggagetags/luggagetag-luv2code-1018.png', 1, 100, 16.99, 4, NOW());
INSERT INTO product (sku, name, description, image_url, active, units_in_stock, unit_price, category_id,date_created) VALUES ('LUGGAGETAG-1019', 'Luggage Tag - Courtyard', 'This luggage tag will help you identify your luggage. The luggage tag is very unique and it will stand out from the crowd. The luggage tag is created out of a rugged and durable plastic. Buy this luggage tag now to make it easy to identify your luggage!', 'assets/images/products/luggagetags/luggagetag-luv2code-1019.png', 1, 100, 16.99, 4, NOW());
INSERT INTO product (sku, name, description, image_url, active, units_in_stock, unit_price, category_id,date_created) VALUES ('LUGGAGETAG-1020', 'Luggage Tag - Coaster', 'This luggage tag will help you identify your luggage. The luggage tag is very unique and it will stand out from the crowd. The luggage tag is created out of a rugged and durable plastic. Buy this luggage tag now to make it easy to identify your luggage!', 'assets/images/products/luggagetags/luggagetag-luv2code-1020.png', 1, 100, 16.99, 4, NOW());
INSERT INTO product (sku, name, description, image_url, active, units_in_stock, unit_price, category_id,date_created) VALUES ('LUGGAGETAG-1021', 'Luggage Tag - Bridge', 'This luggage tag will help you identify your luggage. The luggage tag is very unique and it will stand out from the crowd. The luggage tag is created out of a rugged and durable plastic. Buy this luggage tag now to make it easy to identify your luggage!', 'assets/images/products/luggagetags/luggagetag-luv2code-1021.png', 1, 100, 16.99, 4, NOW());
INSERT INTO product (sku, name, description, image_url, active, units_in_stock, unit_price, category_id,date_created) VALUES ('LUGGAGETAG-1022', 'Luggage Tag - Sunset', 'This luggage tag will help you identify your luggage. The luggage tag is very unique and it will stand out from the crowd. The luggage tag is created out of a rugged and durable plastic. Buy this luggage tag now to make it easy to identify your luggage!', 'assets/images/products/luggagetags/luggagetag-luv2code-1022.png', 1, 100, 16.99, 4, NOW());
INSERT INTO product (sku, name, description, image_url, active, units_in_stock, unit_price, category_id,date_created) VALUES ('LUGGAGETAG-1023', 'Luggage Tag - Flames', 'This luggage tag will help you identify your luggage. The luggage tag is very unique and it will stand out from the crowd. The luggage tag is created out of a rugged and durable plastic. Buy this luggage tag now to make it easy to identify your luggage!', 'assets/images/products/luggagetags/luggagetag-luv2code-1023.png', 1, 100, 16.99, 4, NOW());
INSERT INTO product (sku, name, description, image_url, active, units_in_stock, unit_price, category_id,date_created) VALUES ('LUGGAGETAG-1024', 'Luggage Tag - Countryside', 'This luggage tag will help you identify your luggage. The luggage tag is very unique and it will stand out from the crowd. The luggage tag is created out of a rugged and durable plastic. Buy this luggage tag now to make it easy to identify your luggage!', 'assets/images/products/luggagetags/luggagetag-luv2code-1024.png', 1, 100, 16.99, 4, NOW());

SET foreign_key_checks = 1;

SET foreign_key_checks = 0;

--
-- Table structure for table `country`
--

DROP TABLE IF EXISTS `country`;

CREATE TABLE `country` (
  `id` smallint unsigned NOT NULL,
  `code` varchar(2) DEFAULT NULL,
  `name` varchar(255) DEFAULT NULL,
  PRIMARY KEY (`id`)
) ENGINE=InnoDB;

--
-- Data for table `country`
--

INSERT INTO `country` VALUES 
(1,'BR','Brazil'),
(2,'CA','Canada'),
(3,'DE','Germany'),
(4,'IN','India'),
(5,'TR','Turkey'),
(6,'US','United States');

--
-- Table structure for table `state`
--

DROP TABLE IF EXISTS `state`;

CREATE TABLE `state` (
  `id` smallint unsigned NOT NULL AUTO_INCREMENT,
  `name` varchar(255) DEFAULT NULL,
  `country_id` smallint unsigned NOT NULL,
  PRIMARY KEY (`id`),
  KEY `fk_country` (`country_id`),
  CONSTRAINT `fk_country` FOREIGN KEY (`country_id`) REFERENCES `country` (`id`)
) ENGINE=InnoDB AUTO_INCREMENT=1;

--
-- Dumping data for table `state`
--

INSERT INTO `state` VALUES 
(1,'Acre',1),
(2,'Alagoas',1),
(3,'Amap',1),
(4,'Amazonas',1),
(5,'Bahia',1),
(6,'Cear',1),
(7,'Distrito Federal',1),
(8,'Esprito Santo',1),
(9,'Gois',1),
(10,'Maranho',1),
(11,'Mato Grosso do Sul',1),
(12,'Mato Grosso',1),
(13,'Minas Gerais',1),
(14,'Paran',1),
(15,'Paraba',1),
(16,'Par',1),
(17,'Pernambuco',1),
(18,'Piaui',1),
(19,'Rio de Janeiro',1),
(20,'Rio Grande do Norte',1),
(21,'Rio Grande do Sul',1),
(22,'Rondnia',1),
(23,'Roraima',1),
(24,'Santa Catarina',1),
(25,'Sergipe',1),
(26,'So Paulo',1),
(27,'Tocantins',1),
(28,'Alberta',2),
(29,'British Columbia',2),
(30,'Manitoba',2),
(31,'New Brunswick',2),
(32,'Newfoundland and Labrador',2),
(33,'Northwest Territories',2),
(34,'Nova Scotia',2),
(35,'Nunavut',2),
(36,'Ontario',2),
(37,'Prince Edward Island',2),
(38,'Quebec',2),
(39,'Saskatchewan',2),
(40,'Yukon',2),
(41,'Baden-Wrttemberg',3),
(42,'Bavaria',3),
(43,'Berlin',3),
(44,'Brandenburg',3),
(45,'Bremen',3),
(46,'Hamburg',3),
(47,'Hesse',3),
(48,'Lower Saxony',3),
(49,'Mecklenburg-Vorpommern',3),
(50,'North Rhine-Westphalia',3),
(51,'Rhineland-Palatinate',3),
(52,'Saarland',3),
(53,'Saxony',3),
(54,'Saxony-Anhalt',3),
(55,'Schleswig-Holstein',3),
(56,'Thuringia',3),
(57,'Andhra Pradesh',4),
(58,'Arunachal Pradesh',4),
(59,'Assam',4),
(60,'Bihar',4),
(61,'Chhattisgarh',4),
(62,'Goa',4),
(63,'Gujarat',4),
(64,'Haryana',4),
(65,'Himachal Pradesh',4),
(66,'Jammu & Kashmir',4),
(67,'Jharkhand',4),
(68,'Karnataka',4),
(69,'Kerala',4),
(70,'Madhya Pradesh',4),
(71,'Maharashtra',4),
(72,'Manipur',4),
(73,'Meghalaya',4),
(74,'Mizoram',4),
(75,'Nagaland',4),
(76,'Odisha',4),
(77,'Punjab',4),
(78,'Rajasthan',4),
(79,'Sikkim',4),
(80,'Tamil Nadu',4),
(81,'Telangana',4),
(82,'Tripura',4),
(83,'Uttar Pradesh',4),
(84,'Uttarakhand',4),
(85,'West Bengal',4),
(86,'Andaman and Nicobar Islands',4),
(87,'Chandigarh',4),
(88,'Dadra and Nagar Haveli',4),
(89,'Daman & Diu',4),
(90,'Lakshadweep',4),
(91,'Puducherry',4),
(92,'The Government of NCT of Delhi',4),
(93,'Alabama',6),
(94,'Alaska',6),
(95,'Arizona',6),
(96,'Arkansas',6),
(97,'California',6),
(98,'Colorado',6),
(99,'Connecticut',6),
(100,'Delaware',6),
(101,'District Of Columbia',6),
(102,'Florida',6),
(103,'Georgia',6),
(104,'Hawaii',6),
(105,'Idaho',6),
(106,'Illinois',6),
(107,'Indiana',6),
(108,'Iowa',6),
(109,'Kansas',6),
(110,'Kentucky',6),
(111,'Louisiana',6),
(112,'Maine',6),
(113,'Maryland',6),
(114,'Massachusetts',6),
(115,'Michigan',6),
(116,'Minnesota',6),
(117,'Mississippi',6),
(118,'Missouri',6),
(119,'Montana',6),
(120,'Nebraska',6),
(121,'Nevada',6),
(122,'New Hampshire',6),
(123,'New Jersey',6),
(124,'New Mexico',6),
(125,'New York',6),
(126,'North Carolina',6),
(127,'North Dakota',6),
(128,'Ohio',6),
(129,'Oklahoma',6),
(130,'Oregon',6),
(131,'Pennsylvania',6),
(132,'Rhode Island',6),
(133,'South Carolina',6),
(134,'South Dakota',6),
(135,'Tennessee',6),
(136,'Texas',6),
(137,'Utah',6),
(138,'Vermont',6),
(139,'Virginia',6),
(140,'Washington',6),
(141,'West Virginia',6),
(142,'Wisconsin',6),
(143,'Wyoming',6),
(144,'Adyaman',5),
(145,'Afyonkarahisar',5),
(146,'Ar',5),
(147,'Aksaray',5),
(148,'Amasya',5),
(149,'Ankara',5),
(150,'Antalya',5),
(151,'Ardahan',5),
(152,'Artvin',5),
(153,'Aydn',5),
(154,'Balkesir',5),
(155,'Bartn',5),
(156,'Batman',5),
(157,'Bayburt',5),
(158,'Bilecik',5),
(159,'Bingl',5),
(160,'Bitlis',5),
(161,'Bolu',5),
(162,'Burdur',5),
(163,'Bursa',5),
(164,'anakkale',5),
(165,'ankr',5),
(166,'orum',5),
(167,'Denizli',5),
(168,'Diyarbakr',5),
(169,'Dzce',5),
(170,'Edirne',5),
(171,'Elaz',5),
(172,'Erzincan',5),
(173,'Erzurum',5),
(174,'Eskiehir',5),
(175,'Gaziantep',5),
(176,'Giresun',5),
(177,'Gmhane',5),
(178,'Hakkri',5),
(179,'Hatay',5),
(180,'Idr',5),
(181,'Isparta',5),
(182,'stanbul',5),
(183,'zmir',5),
(184,'Kahramanmara',5),
(185,'Karabk',5),
(186,'Karaman',5),
(187,'Kars',5),
(188,'Kastamonu',5),
(189,'Kayseri',5),
(190,'Krkkale',5),
(191,'Krklareli',5),
(192,'Krehir',5),
(193,'Kilis',5),
(194,'Kocaeli',5),
(195,'Konya',5),
(196,'Ktahya',5),
(197,'Malatya',5),
(198,'Manisa',5),
(199,'Mardin',5),
(200,'Mersin',5),
(201,'Mula',5),
(202,'Mu',5),
(203,'Nevehir',5),
(204,'Nide',5),
(205,'Ordu',5),
(206,'Osmaniye',5),
(207,'Rize',5),
(208,'Sakarya',5),
(209,'Samsun',5),
(210,'Siirt',5),
(211,'Sinop',5),
(212,'Sivas',5),
(213,'anlurfa',5),
(214,'rnak',5),
(215,'Tekirda',5),
(216,'Tokat',5),
(217,'Trabzon',5),
(218,'Tunceli',5),
(219,'Uak',5),
(220,'Van',5),
(221,'Yalova',5),
(222,'Yozgat',5),
(223,'Zonguldak',5);

SET foreign_key_checks = 1;

--
-- Prep work
--
SET FOREIGN_KEY_CHECKS=0;
SET FOREIGN_KEY_CHECKS=1;

--
-- Table structure for table `address`
--
CREATE TABLE IF NOT EXISTS `address` (
  `id` bigint NOT NULL AUTO_INCREMENT,
  `city` varchar(255) DEFAULT NULL,
  `country` varchar(255) DEFAULT NULL,
  `state` varchar(255) DEFAULT NULL,
  `street` varchar(255) DEFAULT NULL,
  `zip_code` varchar(255) DEFAULT NULL,
  PRIMARY KEY (`id`)
) ENGINE=InnoDB AUTO_INCREMENT=1 DEFAULT CHARSET=utf8mb4 COLLATE=utf8mb4_unicode_ci;

--
-- Table structure for table `customer`
--
CREATE TABLE IF NOT EXISTS `customer` (
  `id` bigint NOT NULL AUTO_INCREMENT,
  `first_name` varchar(255) DEFAULT NULL,
  `last_name` varchar(255) DEFAULT NULL,
  `email` varchar(255) DEFAULT NULL,
  PRIMARY KEY (`id`)
) ENGINE=InnoDB AUTO_INCREMENT=1 DEFAULT CHARSET=utf8mb4 COLLATE=utf8mb4_unicode_ci;

--
-- Table structure for table `orders`
--
CREATE TABLE IF NOT EXISTS `orders` (
  `id` bigint NOT NULL AUTO_INCREMENT,
  `order_tracking_number` varchar(255) DEFAULT NULL,
  `total_price` decimal(19,2) DEFAULT NULL,
  `total_quantity` int DEFAULT NULL,
  `billing_address_id` bigint DEFAULT NULL,
  `customer_id` bigint DEFAULT NULL,
  `shipping_address_id` bigint DEFAULT NULL,
  `status` varchar(128) DEFAULT NULL,
  `date_created` datetime(6) DEFAULT NULL,
  `last_updated` datetime(6) DEFAULT NULL,
  PRIMARY KEY (`id`),
  UNIQUE KEY `UK_billing_address_id` (`billing_address_id`),
  UNIQUE KEY `UK_shipping_address_id` (`shipping_address_id`),
  KEY `K_customer_id` (`customer_id`),
  CONSTRAINT `FK_customer_id` FOREIGN KEY (`customer_id`) REFERENCES `customer` (`id`),
  CONSTRAINT `FK_billing_address_id` FOREIGN KEY (`billing_address_id`) REFERENCES `address` (`id`),
  CONSTRAINT `FK_shipping_address_id` FOREIGN KEY (`shipping_address_id`) REFERENCES `address` (`id`)
) ENGINE=InnoDB AUTO_INCREMENT=1 DEFAULT CHARSET=utf8mb4 COLLATE=utf8mb4_unicode_ci;

--
-- Table structure for table `order_items`
--
CREATE TABLE IF NOT EXISTS `order_item` (
  `id` bigint NOT NULL AUTO_INCREMENT,
  `image_url` varchar(255) DEFAULT NULL,
  `quantity` int DEFAULT NULL,
  `unit_price` decimal(19,2) DEFAULT NULL,
  `order_id` bigint DEFAULT NULL,
  `product_id` bigint DEFAULT NULL,
  PRIMARY KEY (`id`),
  KEY `K_order_id` (`order_id`),
  CONSTRAINT `FK_order_id` FOREIGN KEY (`order_id`) REFERENCES `orders` (`id`),
  CONSTRAINT `FK_product_id` FOREIGN KEY (`product_id`) REFERENCES `product` (`id`)
) ENGINE=InnoDB AUTO_INCREMENT=1 DEFAULT CHARSET=utf8mb4 COLLATE=utf8mb4_unicode_ci;
